title,person_name
나의 완벽한 비서,강길우
나의 완벽한 비서,고건한
나의 완벽한 비서,고상호
나의 완벽한 비서,고원희
나의 완벽한 비서,곽시양
나의 완벽한 비서,권혁
나의 완벽한 비서,기소유
나의 완벽한 비서,김도훈
나의 완벽한 비서,김신록
나의 완벽한 비서,김윤혜
나의 완벽한 비서,김정영
나의 완벽한 비서,남명렬
나의 완벽한 비서,민진웅
나의 완벽한 비서,박보경
나의 완벽한 비서,박유림
나의 완벽한 비서,서혜원
나의 완벽한 비서,송영규
나의 완벽한 비서,송지인
나의 완벽한 비서,윤가이
나의 완벽한 비서,윤유선
나의 완벽한 비서,이두석
나의 완벽한 비서,이상희
나의 완벽한 비서,이재우
나의 완벽한 비서,이준혁
나의 완벽한 비서,이희준
나의 완벽한 비서,조승연
나의 완벽한 비서,조완기
나의 완벽한 비서,조한준
나의 완벽한 비서,한지민
나의 완벽한 비서,허동원
나의 완벽한 비서,허준석
별들에게 물어봐,공효진
별들에게 물어봐,김응수
별들에게 물어봐,김주헌
별들에게 물어봐,김진성
별들에게 물어봐,박예영
별들에게 물어봐,박진주
별들에게 물어봐,백은혜
별들에게 물어봐,오정세
별들에게 물어봐,이두석
별들에게 물어봐,이민호
별들에게 물어봐,이엘
별들에게 물어봐,이초희
별들에게 물어봐,이현균
별들에게 물어봐,임성재
별들에게 물어봐,전수경
별들에게 물어봐,정영주
별들에게 물어봐,조정석
별들에게 물어봐,최정원
별들에게 물어봐,한지은
별들에게 물어봐,허남준
원경 (드라마),소희정
원경 (드라마),송재룡
원경 (드라마),정의순
원경 (드라마),황영희
모텔 캘리포니아,고윤
모텔 캘리포니아,구자성
모텔 캘리포니아,김정태
모텔 캘리포니아,김태형
모텔 캘리포니아,김형민
모텔 캘리포니아,나인우
모텔 캘리포니아,박용
모텔 캘리포니아,서예화
모텔 캘리포니아,선우재덕
모텔 캘리포니아,오승아
모텔 캘리포니아,오창석
모텔 캘리포니아,우미화
모텔 캘리포니아,이규호
모텔 캘리포니아,이랑서
모텔 캘리포니아,이세영
모텔 캘리포니아,장준호
모텔 캘리포니아,정용주
모텔 캘리포니아,조상기
모텔 캘리포니아,지수원
모텔 캘리포니아,최민수
모텔 캘리포니아,최희진
독수리 5형제를 부탁해!,공정환
독수리 5형제를 부탁해!,김동완
독수리 5형제를 부탁해!,김승윤
독수리 5형제를 부탁해!,김준배
독수리 5형제를 부탁해!,김형묵
독수리 5형제를 부탁해!,박준금
독수리 5형제를 부탁해!,박현정
독수리 5형제를 부탁해!,박효주
독수리 5형제를 부탁해!,배해선
독수리 5형제를 부탁해!,백성현
독수리 5형제를 부탁해!,서광재
독수리 5형제를 부탁해!,서진원
독수리 5형제를 부탁해!,신슬기
독수리 5형제를 부탁해!,안미나
독수리 5형제를 부탁해!,안재욱
독수리 5형제를 부탁해!,엄지원
독수리 5형제를 부탁해!,유인영
독수리 5형제를 부탁해!,윤박
독수리 5형제를 부탁해!,이명호
독수리 5형제를 부탁해!,이석기
독수리 5형제를 부탁해!,이윤석
독수리 5형제를 부탁해!,이필모
독수리 5형제를 부탁해!,임호
독수리 5형제를 부탁해!,전아름
독수리 5형제를 부탁해!,최대철
독수리 5형제를 부탁해!,최병모
독수리 5형제를 부탁해!,최윤영
독수리 5형제를 부탁해!,한수연
독수리 5형제를 부탁해!,현진영
독수리 5형제를 부탁해!,휘브
킥킥킥킥,기은세
킥킥킥킥,김은호
킥킥킥킥,김주헌
킥킥킥킥,백선호
킥킥킥킥,백지원
킥킥킥킥,서장훈
킥킥킥킥,서혜원
킥킥킥킥,신윤승
킥킥킥킥,윤성호
킥킥킥킥,이규형
킥킥킥킥,이민재
킥킥킥킥,이수근
킥킥킥킥,이지원
킥킥킥킥,이진혁
킥킥킥킥,이하율
킥킥킥킥,전소영
킥킥킥킥,전혜연
킥킥킥킥,정한설
킥킥킥킥,조한철
킥킥킥킥,지진희
킥킥킥킥,홍석천
마녀 (드라마),강동희
마녀 (드라마),권한솔
마녀 (드라마),김보영
마녀 (드라마),김태균
마녀 (드라마),김혜옥
마녀 (드라마),남중규
마녀 (드라마),노정의
마녀 (드라마),류성록
마녀 (드라마),류연석
마녀 (드라마),박보경
마녀 (드라마),박상훈
마녀 (드라마),쇼박스
마녀 (드라마),안내상
마녀 (드라마),윤박
마녀 (드라마),이도국
마녀 (드라마),이우제
마녀 (드라마),임재혁
마녀 (드라마),장혜진
마녀 (드라마),장희령
마녀 (드라마),전국환
마녀 (드라마),주종혁
마녀 (드라마),주지훈
마녀 (드라마),진선규
마녀 (드라마),진영
마녀 (드라마),현봉식
그놈은 흑염룡 (드라마),고창석
그놈은 흑염룡 (드라마),곽시양
그놈은 흑염룡 (드라마),김승락
그놈은 흑염룡 (드라마),김영아
그놈은 흑염룡 (드라마),김태훈
그놈은 흑염룡 (드라마),김학선
그놈은 흑염룡 (드라마),문가영
그놈은 흑염룡 (드라마),박정자
그놈은 흑염룡 (드라마),반효정
그놈은 흑염룡 (드라마),빈센트
그놈은 흑염룡 (드라마),손상연
그놈은 흑염룡 (드라마),스튜디오 드래곤
그놈은 흑염룡 (드라마),신현수
그놈은 흑염룡 (드라마),오의식
그놈은 흑염룡 (드라마),우희진
그놈은 흑염룡 (드라마),윤박
그놈은 흑염룡 (드라마),윤복인
그놈은 흑염룡 (드라마),윤영민
그놈은 흑염룡 (드라마),임세미
그놈은 흑염룡 (드라마),최건
그놈은 흑염룡 (드라마),홍종현
언더커버 하이스쿨,김도윤
언더커버 하이스쿨,김민주
언더커버 하이스쿨,김수진
언더커버 하이스쿨,김신록
언더커버 하이스쿨,김영아
언더커버 하이스쿨,김의성
언더커버 하이스쿨,노종현
언더커버 하이스쿨,박세현
언더커버 하이스쿨,박진우
언더커버 하이스쿨,서강준
언더커버 하이스쿨,안내상
언더커버 하이스쿨,오용
언더커버 하이스쿨,오의식
언더커버 하이스쿨,윤가이
언더커버 하이스쿨,이민지
언더커버 하이스쿨,이서환
언더커버 하이스쿨,임철형
언더커버 하이스쿨,장성범
언더커버 하이스쿨,전배수
언더커버 하이스쿨,조복래
언더커버 하이스쿨,조재윤
언더커버 하이스쿨,진기주
보물섬 (드라마),공지호
보물섬 (드라마),권수현
보물섬 (드라마),김기무
보물섬 (드라마),김민상
보물섬 (드라마),김정난
보물섬 (드라마),김학선
보물섬 (드라마),노수산나
보물섬 (드라마),도지원
보물섬 (드라마),류승수
보물섬 (드라마),서경화
보물섬 (드라마),성노진
보물섬 (드라마),손지나
보물섬 (드라마),송진우
보물섬 (드라마),신고은
보물섬 (드라마),우현
보물섬 (드라마),윤상현
보물섬 (드라마),이유준
보물섬 (드라마),이항나
보물섬 (드라마),장소연
보물섬 (드라마),전진기
보물섬 (드라마),주상욱
보물섬 (드라마),차우민
보물섬 (드라마),최광일
보물섬 (드라마),하수호
보물섬 (드라마),한지혜
보물섬 (드라마),홍수현
보물섬 (드라마),홍화연
감자연구소,강태오
감자연구소,곽자형
감자연구소,김가은
감자연구소,김규철
감자연구소,남정우
감자연구소,남현우
감자연구소,류태호
감자연구소,성지루
감자연구소,손지윤
감자연구소,신현승
감자연구소,우정원
감자연구소,유승목
감자연구소,이대연
감자연구소,이상희
감자연구소,이선빈
감자연구소,이학주
감자연구소,이한위
감자연구소,정신혜
감자연구소,차미경
감자연구소,허정도
감자연구소,황정민
라이딩 인생,고우리
라이딩 인생,김철규
라이딩 인생,김태훈
라이딩 인생,박보경
라이딩 인생,박수연
라이딩 인생,송유현
라이딩 인생,양혜진
라이딩 인생,연지승
라이딩 인생,전석호
라이딩 인생,전혜진
라이딩 인생,정진영
라이딩 인생,조민수
라이딩 인생,최덕문
라이딩 인생,최윤소
협상의 기술,권유리
협상의 기술,길해연
협상의 기술,김대명
협상의 기술,김동균
협상의 기술,김송일
협상의 기술,김영옥
협상의 기술,김종태
협상의 기술,김지민
협상의 기술,김학선
협상의 기술,박종환
협상의 기술,박혁권
협상의 기술,박형수
협상의 기술,사쿠라바 나나미
협상의 기술,서정연
협상의 기술,성동일
협상의 기술,손종학
협상의 기술,송옥숙
협상의 기술,아오키 무네타카
협상의 기술,안현호
협상의 기술,양재성
협상의 기술,양조아
협상의 기술,오륭
협상의 기술,오만석
협상의 기술,윤제문
협상의 기술,이규성
협상의 기술,이석형
협상의 기술,이시훈
협상의 기술,이제훈
협상의 기술,이창훈
협상의 기술,이채원
협상의 기술,장소연
협상의 기술,장인섭
협상의 기술,장현성
협상의 기술,장호일
협상의 기술,전석찬
협상의 기술,정석용
협상의 기술,최범호
협상의 기술,허정도
협상의 기술,홍인
빌런의 나라,김강우
빌런의 나라,김덕현
빌런의 나라,김영조
빌런의 나라,노민우
빌런의 나라,박영규
빌런의 나라,박탐희
빌런의 나라,서현철
빌런의 나라,소유진
빌런의 나라,송진우
빌런의 나라,신신애
빌런의 나라,오나라
빌런의 나라,임영진
빌런의 나라,장연우
빌런의 나라,정민규
빌런의 나라,정웅인
빌런의 나라,정의갑
빌런의 나라,조단
빌런의 나라,주용만
빌런의 나라,최예나
빌런의 나라,최정은
빌런의 나라,한성민
이혼 보험,곽시양
이혼 보험,권해성
이혼 보험,김광식
이혼 보험,김원해
이혼 보험,남창희
이혼 보험,류시현
이혼 보험,박영규
이혼 보험,배유람
이혼 보험,백현주
이혼 보험,유현수
이혼 보험,이광수
이혼 보험,이다희
이혼 보험,이동욱
이혼 보험,이원석
이혼 보험,이주빈
이혼 보험,정가희
이혼 보험,조보아
이혼 보험,조재윤
이혼 보험,차미경
이혼 보험,추소정
이혼 보험,한선화
바니와 오빠들,김민철
바니와 오빠들,김재화
바니와 오빠들,김주미
바니와 오빠들,김현목
바니와 오빠들,김현진
바니와 오빠들,남규희
바니와 오빠들,노정의
바니와 오빠들,왕빛나
바니와 오빠들,이지훈
바니와 오빠들,이진우
바니와 오빠들,이채민
바니와 오빠들,이태희
바니와 오빠들,전소영
바니와 오빠들,전준호
바니와 오빠들,정예녹
바니와 오빠들,조준영
바니와 오빠들,조현아
바니와 오빠들,최보민
바니와 오빠들,최지수
바니와 오빠들,홍민기
바니와 오빠들,홍석천
언젠가는 슬기로울 전공의생활,강다현
언젠가는 슬기로울 전공의생활,강신일
언젠가는 슬기로울 전공의생활,강유석
언젠가는 슬기로울 전공의생활,강진아
언젠가는 슬기로울 전공의생활,고윤정
언젠가는 슬기로울 전공의생활,곽선영
언젠가는 슬기로울 전공의생활,김다흰
언젠가는 슬기로울 전공의생활,김대명
언젠가는 슬기로울 전공의생활,김시은
언젠가는 슬기로울 전공의생활,김이준
언젠가는 슬기로울 전공의생활,김준한
언젠가는 슬기로울 전공의생활,김혜인
언젠가는 슬기로울 전공의생활,나영석
언젠가는 슬기로울 전공의생활,라미란
언젠가는 슬기로울 전공의생활,문지인
언젠가는 슬기로울 전공의생활,문태유
언젠가는 슬기로울 전공의생활,박성연
언젠가는 슬기로울 전공의생활,박예영
언젠가는 슬기로울 전공의생활,박윤호
언젠가는 슬기로울 전공의생활,배현성
언젠가는 슬기로울 전공의생활,성유빈
언젠가는 슬기로울 전공의생활,소아린
언젠가는 슬기로울 전공의생활,손지윤
언젠가는 슬기로울 전공의생활,신시아
언젠가는 슬기로울 전공의생활,신원호
언젠가는 슬기로울 전공의생활,신현빈
언젠가는 슬기로울 전공의생활,안은진
언젠가는 슬기로울 전공의생활,양대혁
언젠가는 슬기로울 전공의생활,양소민
언젠가는 슬기로울 전공의생활,유연석
언젠가는 슬기로울 전공의생활,이봉련
언젠가는 슬기로울 전공의생활,이예은
언젠가는 슬기로울 전공의생활,이창훈
언젠가는 슬기로울 전공의생활,이현균
언젠가는 슬기로울 전공의생활,임채영
언젠가는 슬기로울 전공의생활,전국향
언젠가는 슬기로울 전공의생활,전미도
언젠가는 슬기로울 전공의생활,정경호
언젠가는 슬기로울 전공의생활,정문성
언젠가는 슬기로울 전공의생활,정순원
언젠가는 슬기로울 전공의생활,정운선
언젠가는 슬기로울 전공의생활,정준원
언젠가는 슬기로울 전공의생활,조정석
언젠가는 슬기로울 전공의생활,하윤경
언젠가는 슬기로울 전공의생활,허진
대운을 잡아라,공예지
대운을 잡아라,권민중
대운을 잡아라,김민석
대운을 잡아라,김승욱
대운을 잡아라,김현지
대운을 잡아라,김혜옥
대운을 잡아라,민경진
대운을 잡아라,박경순
대운을 잡아라,박상면
대운을 잡아라,박세경
대운을 잡아라,박스미디어
대운을 잡아라,박지상
대운을 잡아라,보라나
대운을 잡아라,서영
대운을 잡아라,선우재덕
대운을 잡아라,손창민
대운을 잡아라,안연홍
대운을 잡아라,연제형
대운을 잡아라,오영실
대운을 잡아라,이규복
대운을 잡아라,이달형
대운을 잡아라,이소원
대운을 잡아라,이승형
대운을 잡아라,이아현
대운을 잡아라,장영준
대운을 잡아라,정재곤
귀궁,고인범
귀궁,길해연
귀궁,김기리
귀궁,김상호
귀궁,김영광
귀궁,김인권
귀궁,김지연
귀궁,김지훈
귀궁,박재준
귀궁,박주형
귀궁,서도영
귀궁,손병호
귀궁,송재희
귀궁,신슬기
귀궁,안내상
귀궁,우상전
귀궁,육성재
귀궁,윤인조
귀궁,이규한
귀궁,이원종
귀궁,이태검
귀궁,전용주
귀궁,조한결
귀궁,차청화
귀궁,최정인
귀궁,한민
귀궁,한소은
귀궁,한수연
귀궁,홍성창
천국보다 아름다운 (드라마),김석윤
천국보다 아름다운 (드라마),김용명
천국보다 아름다운 (드라마),김우현
천국보다 아름다운 (드라마),김충길
천국보다 아름다운 (드라마),류덕환
천국보다 아름다운 (드라마),민지
천국보다 아름다운 (드라마),박수영
천국보다 아름다운 (드라마),박은우
천국보다 아름다운 (드라마),박재철
천국보다 아름다운 (드라마),안주미
천국보다 아름다운 (드라마),유호한
천국보다 아름다운 (드라마),윤예주
천국보다 아름다운 (드라마),이남규
천국보다 아름다운 (드라마),이수빈
천국보다 아름다운 (드라마),장미자
천국보다 아름다운 (드라마),정지안
천국보다 아름다운 (드라마),정진각
천국보다 아름다운 (드라마),조민국
천국보다 아름다운 (드라마),조우진
천국보다 아름다운 (드라마),주민경
천국보다 아름다운 (드라마),주부진
천국보다 아름다운 (드라마),천호진
천국보다 아름다운 (드라마),최희진
천국보다 아름다운 (드라마),한지민
여왕의 집,강경헌
여왕의 집,강성민
여왕의 집,김미라
여왕의 집,김민주
여왕의 집,김애란
여왕의 집,김현균
여왕의 집,김현욱
여왕의 집,김형자
여왕의 집,남경읍
여왕의 집,미람
여왕의 집,박윤재
여왕의 집,박찬환
여왕의 집,서준영
여왕의 집,아센디오
여왕의 집,안신우
여왕의 집,이가령
여왕의 집,이보희
여왕의 집,이상숙
여왕의 집,이창욱
여왕의 집,이창주
여왕의 집,전혜지
여왕의 집,차민지
여왕의 집,최설아
여왕의 집,최윤준
여왕의 집,함은정
여왕의 집,홍석구
여왕의 집,홍은미
24시 헬스클럽,김권
24시 헬스클럽,김준현
24시 헬스클럽,남규희
24시 헬스클럽,문상훈
24시 헬스클럽,박성연
24시 헬스클럽,신민서
24시 헬스클럽,양치승
24시 헬스클럽,윤성빈
24시 헬스클럽,이미도
24시 헬스클럽,이상진
24시 헬스클럽,이준영
24시 헬스클럽,정욱진
24시 헬스클럽,정은지
24시 헬스클럽,정혁
24시 헬스클럽,조정치
24시 헬스클럽,최무성
24시 헬스클럽,키이스트
24시 헬스클럽,한소현
24시 헬스클럽,허정도
24시 헬스클럽,홍윤화
사계의 봄,권혁수
사계의 봄,김민경
사계의 봄,김병기
사계의 봄,김용명
사계의 봄,김종태
사계의 봄,김지영
사계의 봄,로운
사계의 봄,문세윤
사계의 봄,박광재
사계의 봄,박진우
사계의 봄,서강준
사계의 봄,서혜원
사계의 봄,성혁
사계의 봄,손민수
사계의 봄,오만석
사계의 봄,원희
사계의 봄,유재필
사계의 봄,이두석
사계의 봄,이승협
사계의 봄,이홍기
사계의 봄,임라라
사계의 봄,정찬민
사계의 봄,정해인
사계의 봄,조나단
사계의 봄,조한철
사계의 봄,차청화
사계의 봄,파트리샤
당신의 맛,강준규
당신의 맛,강하늘
당신의 맛,고민시
당신의 맛,김신록
당신의 맛,김인우
당신의 맛,박군
당신의 맛,박지훈
당신의 맛,배나라
당신의 맛,배유람
당신의 맛,오민애
당신의 맛,유수빈
당신의 맛,유연석
당신의 맛,윤병희
당신의 맛,이중옥
당신의 맛,홍화연
당신의 맛,황정민
금주를 부탁해,강형석
금주를 부탁해,공명
금주를 부탁해,김보정
금주를 부탁해,김상호
금주를 부탁해,김성령
금주를 부탁해,김태오
금주를 부탁해,김현숙
금주를 부탁해,박강섭
금주를 부탁해,배해선
금주를 부탁해,이중옥
금주를 부탁해,전진오
금주를 부탁해,조윤희
금주를 부탁해,주인영
금주를 부탁해,최수영
맹감독의 악플러,권주석
맹감독의 악플러,김기두
맹감독의 악플러,김담
맹감독의 악플러,김택
맹감독의 악플러,문수인
맹감독의 악플러,박성웅
맹감독의 악플러,박수오
맹감독의 악플러,배해선
맹감독의 악플러,우지원
맹감독의 악플러,이남희
맹감독의 악플러,최병모
미지의 서울,김다흰
미지의 서울,김선영
미지의 서울,김주헌
미지의 서울,남윤호
미지의 서울,남지우
미지의 서울,류경수
미지의 서울,류성록
미지의 서울,문동혁
미지의 서울,박예영
미지의 서울,박윤희
미지의 서울,박환희
미지의 서울,심소영
미지의 서울,양대혁
미지의 서울,양재성
미지의 서울,원미경
미지의 서울,이선
미지의 서울,이시훈
미지의 서울,임철수
미지의 서울,장영남
미지의 서울,정승길
미지의 서울,정은표
미지의 서울,차미경
미지의 서울,홍성원
노무사 노무진,강애심
노무사 노무진,강혜원
노무사 노무진,경수진
노무사 노무진,김강현
노무사 노무진,김대명
노무사 노무진,문소리
노무사 노무진,박수오
노무사 노무진,박원상
노무사 노무진,박해일
노무사 노무진,설인아
노무사 노무진,송영규
노무사 노무진,신연숙
노무사 노무진,신주협
노무사 노무진,아누팜 트리파티
노무사 노무진,안내상
노무사 노무진,연제욱
노무사 노무진,옥자연
노무사 노무진,유선호
노무사 노무진,이미도
노무사 노무진,이한준
노무사 노무진,임순례
노무사 노무진,임철형
노무사 노무진,전국향
노무사 노무진,정경호
노무사 노무진,정순원
노무사 노무진,조은지
노무사 노무진,진선규
노무사 노무진,차학연
노무사 노무진,최무성
노무사 노무진,최홍일
노무사 노무진,탕준상
노무사 노무진,황보름별
굿보이 (드라마),고준
굿보이 (드라마),권동호
굿보이 (드라마),김서경
굿보이 (드라마),김소현
굿보이 (드라마),김영성
굿보이 (드라마),김응수
굿보이 (드라마),김찬형
굿보이 (드라마),남진복
굿보이 (드라마),박보검
굿보이 (드라마),박철민
굿보이 (드라마),서재희
굿보이 (드라마),서정연
굿보이 (드라마),서현철
굿보이 (드라마),성지루
굿보이 (드라마),송영창
굿보이 (드라마),신문성
굿보이 (드라마),안세호
굿보이 (드라마),오정세
굿보이 (드라마),이달
굿보이 (드라마),이상이
굿보이 (드라마),이수미
굿보이 (드라마),이지훈
굿보이 (드라마),이호정
굿보이 (드라마),정만식
굿보이 (드라마),정재원
굿보이 (드라마),최명빈
굿보이 (드라마),최우진
굿보이 (드라마),태원석
굿보이 (드라마),한규원
굿보이 (드라마),허성태
태양을 삼킨 여자,강석정
태양을 삼킨 여자,김난희
태양을 삼킨 여자,박서연
태양을 삼킨 여자,박철민
태양을 삼킨 여자,서하준
태양을 삼킨 여자,손세빈
태양을 삼킨 여자,안이서
태양을 삼킨 여자,오창석
태양을 삼킨 여자,윤아정
태양을 삼킨 여자,이루다
태양을 삼킨 여자,이중문
태양을 삼킨 여자,이칸희
태양을 삼킨 여자,이한위
태양을 삼킨 여자,이형선
태양을 삼킨 여자,장신영
태양을 삼킨 여자,전노민
태양을 삼킨 여자,전영미
태양을 삼킨 여자,하주희
남주의 첫날밤을 가져버렸다,김신비
남주의 첫날밤을 가져버렸다,김아영
남주의 첫날밤을 가져버렸다,김영웅
남주의 첫날밤을 가져버렸다,남기애
남주의 첫날밤을 가져버렸다,박정언
남주의 첫날밤을 가져버렸다,서범준
남주의 첫날밤을 가져버렸다,서현
남주의 첫날밤을 가져버렸다,서현철
남주의 첫날밤을 가져버렸다,송영재
남주의 첫날밤을 가져버렸다,오세은
남주의 첫날밤을 가져버렸다,옥택연
남주의 첫날밤을 가져버렸다,윤유선
남주의 첫날밤을 가져버렸다,윤정훈
남주의 첫날밤을 가져버렸다,이상운
남주의 첫날밤을 가져버렸다,이주원
남주의 첫날밤을 가져버렸다,이태선
남주의 첫날밤을 가져버렸다,정호빈
남주의 첫날밤을 가져버렸다,정희태
남주의 첫날밤을 가져버렸다,주석태
남주의 첫날밤을 가져버렸다,지혜원
우리 영화,공민정
우리 영화,권해효
우리 영화,김은비
우리 영화,김재철
우리 영화,김정영
우리 영화,김혜준
우리 영화,남궁민
우리 영화,문성근
우리 영화,문소리
우리 영화,박은우
우리 영화,박효은
우리 영화,서정연
우리 영화,서현우
우리 영화,손병욱
우리 영화,예수정
우리 영화,오민애
우리 영화,유순웅
우리 영화,이상희
우리 영화,이설
우리 영화,이주승
우리 영화,장재호
우리 영화,전석찬
우리 영화,전여빈
우리 영화,정영숙
우리 영화,정휘
우리 영화,주민경
우리 영화,주현영
우리 영화,한종훈
우리 영화,허정도
살롱 드 홈즈,강지우
살롱 드 홈즈,김금순
살롱 드 홈즈,김다솜
살롱 드 홈즈,김연신
살롱 드 홈즈,김정호
살롱 드 홈즈,김준현
살롱 드 홈즈,남기애
살롱 드 홈즈,민진기
살롱 드 홈즈,박예니
살롱 드 홈즈,박지아
살롱 드 홈즈,시현
살롱 드 홈즈,오대환
살롱 드 홈즈,오의식
살롱 드 홈즈,이상진
살롱 드 홈즈,이수지
살롱 드 홈즈,이시후
살롱 드 홈즈,이재균
살롱 드 홈즈,이지훈
살롱 드 홈즈,이화겸
살롱 드 홈즈,임보라
살롱 드 홈즈,임지규
살롱 드 홈즈,장재호
살롱 드 홈즈,정상훈
살롱 드 홈즈,정영주
살롱 드 홈즈,차미경
살롱 드 홈즈,최유솔
살롱 드 홈즈,한상진
견우와 선녀 (드라마),곽자형
견우와 선녀 (드라마),길해연
견우와 선녀 (드라마),김미경
견우와 선녀 (드라마),김민주
견우와 선녀 (드라마),김성정
견우와 선녀 (드라마),김예은
견우와 선녀 (드라마),김용완
견우와 선녀 (드라마),김희창
견우와 선녀 (드라마),덱스터 스튜디오
견우와 선녀 (드라마),송하진
견우와 선녀 (드라마),오민애
견우와 선녀 (드라마),윤병희
견우와 선녀 (드라마),이수미
견우와 선녀 (드라마),이영란
견우와 선녀 (드라마),조이현
견우와 선녀 (드라마),추영우
견우와 선녀 (드라마),추자현
견우와 선녀 (드라마),함성민
견우와 선녀 (드라마),황세인
카지노 (드라마),고윤
카지노 (드라마),김민
카지노 (드라마),김민재
카지노 (드라마),김승현
카지노 (드라마),김주령
카지노 (드라마),김준배
카지노 (드라마),김홍파
카지노 (드라마),류현경
카지노 (드라마),민무제
카지노 (드라마),민성욱
카지노 (드라마),배해선
카지노 (드라마),손석구
카지노 (드라마),손은서
카지노 (드라마),송영규
카지노 (드라마),오달수
카지노 (드라마),유희제
카지노 (드라마),이도군
카지노 (드라마),이동휘
카지노 (드라마),이문식
카지노 (드라마),이석
카지노 (드라마),이종윤
카지노 (드라마),이해우
카지노 (드라마),이혜영
카지노 (드라마),임형준
카지노 (드라마),정영금
카지노 (드라마),정윤하
카지노 (드라마),진수현
카지노 (드라마),최무성
카지노 (드라마),최우준
카지노 (드라마),최홍일
카지노 (드라마),허동원
카지노 (드라마),허성태
카지노 (드라마),홍기준
서초동 (드라마),강유석
서초동 (드라마),고건한
서초동 (드라마),김경남
서초동 (드라마),김도훈
서초동 (드라마),김영웅
서초동 (드라마),김지현
서초동 (드라마),김태훈
서초동 (드라마),남윤호
서초동 (드라마),남태우
서초동 (드라마),류혜영
서초동 (드라마),문가영
서초동 (드라마),박광재
서초동 (드라마),박성준
서초동 (드라마),박정언
서초동 (드라마),박형수
서초동 (드라마),성병숙
서초동 (드라마),소희정
서초동 (드라마),양조아
서초동 (드라마),염혜란
서초동 (드라마),오대환
서초동 (드라마),윤균상
서초동 (드라마),윤태인
서초동 (드라마),이서환
서초동 (드라마),이성우
서초동 (드라마),이유영
서초동 (드라마),이종석
서초동 (드라마),임성재
서초동 (드라마),전석찬
서초동 (드라마),전진서
서초동 (드라마),정규수
서초동 (드라마),정동훈
서초동 (드라마),정혜영
서초동 (드라마),최찬호
서초동 (드라마),황정민
디어엠,권은빈
디어엠,김주아
디어엠,김준호
디어엠,노정의
디어엠,박혜수
디어엠,배현성
디어엠,양치승
디어엠,우다비
디어엠,윤진솔
디어엠,이정식
디어엠,이진혁
디어엠,전성환
디어엠,정재현
디어엠,차태현
디어엠,한도우
디어엠,황건
디어엠,황보름별
착한 사나이,김도윤
착한 사나이,김운경
착한 사나이,류혜영
착한 사나이,문태유
착한 사나이,박두식
착한 사나이,박명신
착한 사나이,박미현
착한 사나이,박성연
착한 사나이,박원상
착한 사나이,박훈
착한 사나이,백현주
착한 사나이,송해성
착한 사나이,오나라
착한 사나이,유승목
착한 사나이,이동욱
착한 사나이,이문식
착한 사나이,이성경
착한 사나이,이정현
착한 사나이,임성균
착한 사나이,차시원
착한 사나이,천호진
착한 사나이,한민
착한 사나이,한재영
착한 사나이,황병국
아이쇼핑 (드라마),김수로
아이쇼핑 (드라마),김지안
아이쇼핑 (드라마),김진영
아이쇼핑 (드라마),박하준
아이쇼핑 (드라마),배민희
아이쇼핑 (드라마),손종학
아이쇼핑 (드라마),송영규
아이쇼핑 (드라마),안지호
아이쇼핑 (드라마),염정아
아이쇼핑 (드라마),원진아
아이쇼핑 (드라마),이나은
아이쇼핑 (드라마),이민우
아이쇼핑 (드라마),최영준
아이쇼핑 (드라마),최유하
아이쇼핑 (드라마),한수연
내 여자친구는 상남자,강신일
내 여자친구는 상남자,김광식
내 여자친구는 상남자,김종훈
내 여자친구는 상남자,김지우
내 여자친구는 상남자,도지원
내 여자친구는 상남자,박명신
내 여자친구는 상남자,아린
내 여자친구는 상남자,예원
내 여자친구는 상남자,윤산하
내 여자친구는 상남자,윤주상
내 여자친구는 상남자,이소원
내 여자친구는 상남자,이윤건
내 여자친구는 상남자,전수진
내 여자친구는 상남자,정경순
내 여자친구는 상남자,조은숙
내 여자친구는 상남자,주방옥
내 여자친구는 상남자,진영
내 여자친구는 상남자,현준
메리 킬즈 피플 (드라마),강기둥
메리 킬즈 피플 (드라마),강기영
메리 킬즈 피플 (드라마),강나언
메리 킬즈 피플 (드라마),곽선영
메리 킬즈 피플 (드라마),권해효
메리 킬즈 피플 (드라마),김광식
메리 킬즈 피플 (드라마),김태우
메리 킬즈 피플 (드라마),문희
메리 킬즈 피플 (드라마),미스터 로맨스
메리 킬즈 피플 (드라마),박원상
메리 킬즈 피플 (드라마),백현진
메리 킬즈 피플 (드라마),서영희
메리 킬즈 피플 (드라마),손숙
메리 킬즈 피플 (드라마),신경수
메리 킬즈 피플 (드라마),심소영
메리 킬즈 피플 (드라마),양조아
메리 킬즈 피플 (드라마),오연아
메리 킬즈 피플 (드라마),오의식
메리 킬즈 피플 (드라마),우미화
메리 킬즈 피플 (드라마),유승목
메리 킬즈 피플 (드라마),윤가이
메리 킬즈 피플 (드라마),이도군
메리 킬즈 피플 (드라마),이민기
메리 킬즈 피플 (드라마),이상윤
메리 킬즈 피플 (드라마),이원정
메리 킬즈 피플 (드라마),이이경
메리 킬즈 피플 (드라마),정경순
메리 킬즈 피플 (드라마),태항호
메리 킬즈 피플 (드라마),하성광
여행을 대신해 드립니다,강동호
여행을 대신해 드립니다,강솔
여행을 대신해 드립니다,공승연
여행을 대신해 드립니다,김재영
여행을 대신해 드립니다,김혜화
여행을 대신해 드립니다,남기애
여행을 대신해 드립니다,동현배
여행을 대신해 드립니다,박보연
여행을 대신해 드립니다,박성일
여행을 대신해 드립니다,오현중
여행을 대신해 드립니다,유준상
여행을 대신해 드립니다,유지연
여행을 대신해 드립니다,이일화
여행을 대신해 드립니다,임도윤
여행을 대신해 드립니다,정만식
여행을 대신해 드립니다,진구
여행을 대신해 드립니다,토모사카 리에
여행을 대신해 드립니다,하석진
여행을 대신해 드립니다,홍수현
여행을 대신해 드립니다,후지이 미나
"첫, 사랑을 위하여",강애심
"첫, 사랑을 위하여",김다흰
"첫, 사랑을 위하여",김미경
"첫, 사랑을 위하여",김민규
"첫, 사랑을 위하여",김선영
"첫, 사랑을 위하여",남민우
"첫, 사랑을 위하여",박수영
"첫, 사랑을 위하여",박해준
"첫, 사랑을 위하여",서영희
"첫, 사랑을 위하여",성우진
"첫, 사랑을 위하여",양경원
"첫, 사랑을 위하여",양현민
"첫, 사랑을 위하여",염정아
"첫, 사랑을 위하여",오나라
"첫, 사랑을 위하여",유인
"첫, 사랑을 위하여",장준휘
"첫, 사랑을 위하여",정만식
"첫, 사랑을 위하여",정영주
화려한 날들,고원희
화려한 날들,권태원
화려한 날들,김건호
화려한 날들,김영아
화려한 날들,김정영
화려한 날들,김희정
화려한 날들,박성근
화려한 날들,박정연
화려한 날들,반효정
화려한 날들,손상연
화려한 날들,신수현
화려한 날들,윤주상
화려한 날들,윤현민
화려한 날들,윤현식
화려한 날들,이태란
화려한 날들,정예나
화려한 날들,정인선
화려한 날들,정일우
화려한 날들,천호진
화려한 날들,최규진
금쪽같은 내 스타,김동균
금쪽같은 내 스타,김보민
금쪽같은 내 스타,류태호
금쪽같은 내 스타,오대환
금쪽같은 내 스타,조연희
금쪽같은 내 스타,주인영
금쪽같은 내 스타,차청화
금쪽같은 내 스타,최영훈
금쪽같은 내 스타,현봉식
버터플라이 (드라마),김지훈
버터플라이 (드라마),김태희
버터플라이 (드라마),박해수
버터플라이 (드라마),찰스 파넬
버터플라이 (드라마),파이퍼 페라보
트웰브 (드라마),강미나
트웰브 (드라마),고규필
트웰브 (드라마),김찬형
트웰브 (드라마),레지나 레이
트웰브 (드라마),마동석
트웰브 (드라마),박형식
트웰브 (드라마),서인국
트웰브 (드라마),성동일
트웰브 (드라마),성유빈
트웰브 (드라마),손종학
트웰브 (드라마),신승환
트웰브 (드라마),안지혜
트웰브 (드라마),예수정
트웰브 (드라마),이주빈
트웰브 (드라마),장재호
폭군의 셰프,김광규
폭군의 셰프,김현목
폭군의 셰프,김형묵
폭군의 셰프,문승유
폭군의 셰프,이희명
폭군의 셰프,임윤아
폭군의 셰프,장태유
폭군의 셰프,전재홍
폭군의 셰프,정규수
폭군의 셰프,조재윤
폭군의 셰프,홍진기
마이 유스,윤병희
마이 유스,이봉련
마이 유스,이주명
마이 유스,이진희
마이 유스,조한철
마이 유스,진경
마이 유스,천우희
마이 유스,최정운
컨피던스맨 KR,김선영
컨피던스맨 KR,남기훈
컨피던스맨 KR,로운
컨피던스맨 KR,박민영
컨피던스맨 KR,박희순
컨피던스맨 KR,송지효
컨피던스맨 KR,오나라
컨피던스맨 KR,이이경
컨피던스맨 KR,정웅인
컨피던스맨 KR,주종혁
컨피던스맨 KR,현봉식
백번의 추억,김가영
백번의 추억,김다미
백번의 추억,김정현
백번의 추억,김지현
백번의 추억,박예니
백번의 추억,박지환
백번의 추억,신문성
백번의 추억,신예은
백번의 추억,양희승
백번의 추억,윤제문
백번의 추억,이민지
백번의 추억,이원정
백번의 추억,이재원
백번의 추억,이정은
백번의 추억,전성우
백번의 추억,정보민
백번의 추억,정재광
백번의 추억,허남준
신사장 프로젝트,김상호
신사장 프로젝트,김성오
신사장 프로젝트,민성욱
신사장 프로젝트,박혁권
신사장 프로젝트,배현성
신사장 프로젝트,신경수
신사장 프로젝트,우미화
신사장 프로젝트,우현
신사장 프로젝트,이레
신사장 프로젝트,이준혁
신사장 프로젝트,이지원
신사장 프로젝트,이지하
신사장 프로젝트,전국환
신사장 프로젝트,정은표
신사장 프로젝트,조현식
신사장 프로젝트,최덕문
신사장 프로젝트,한석규
달까지 가자 (드라마),강태오
달까지 가자 (드라마),강혜원
달까지 가자 (드라마),기소유
달까지 가자 (드라마),김광식
달까지 가자 (드라마),김미경
달까지 가자 (드라마),김선경
달까지 가자 (드라마),김연교
달까지 가자 (드라마),김영대
달까지 가자 (드라마),김정진
달까지 가자 (드라마),노정의
달까지 가자 (드라마),라미란
달까지 가자 (드라마),빈찬욱
달까지 가자 (드라마),서지수
달까지 가자 (드라마),서현철
달까지 가자 (드라마),신희철
달까지 가자 (드라마),안동구
달까지 가자 (드라마),오다영
달까지 가자 (드라마),오승아
달까지 가자 (드라마),윤경호
달까지 가자 (드라마),음문석
달까지 가자 (드라마),이상진
달까지 가자 (드라마),이선빈
달까지 가자 (드라마),이재성
달까지 가자 (드라마),장하오
달까지 가자 (드라마),정은지
달까지 가자 (드라마),정훈
달까지 가자 (드라마),조아람
달까지 가자 (드라마),차시원
달까지 가자 (드라마),최지혜
달까지 가자 (드라마),홍승희
은수 좋은 날,김동원
은수 좋은 날,김시아
은수 좋은 날,김영광
은수 좋은 날,도상우
은수 좋은 날,박용우
은수 좋은 날,배수빈
은수 좋은 날,손보승
은수 좋은 날,오연아
은수 좋은 날,원현준
은수 좋은 날,이규성
은수 좋은 날,이영애
은수 좋은 날,조연희
은수 좋은 날,황재열
친밀한 리플리,김희찬
친밀한 리플리,박철호
친밀한 리플리,설정환
친밀한 리플리,손석진
친밀한 리플리,양금석
친밀한 리플리,윤지숙
친밀한 리플리,이승연
친밀한 리플리,이시아
친밀한 리플리,이일화
친밀한 리플리,이정길
친밀한 리플리,이효나
친밀한 리플리,최종환
친밀한 리플리,한기웅
퍼스트레이디 (2025년 드라마),김기방
퍼스트레이디 (2025년 드라마),박서경
퍼스트레이디 (2025년 드라마),손지나
퍼스트레이디 (2025년 드라마),신소율
퍼스트레이디 (2025년 드라마),유진
퍼스트레이디 (2025년 드라마),이명훈
퍼스트레이디 (2025년 드라마),이민영
퍼스트레이디 (2025년 드라마),임현성
퍼스트레이디 (2025년 드라마),전노민
퍼스트레이디 (2025년 드라마),지현우
퍼스트레이디 (2025년 드라마),한수아
착한 여자 부세미,김재화
착한 여자 부세미,문성근
착한 여자 부세미,서재희
착한 여자 부세미,서현우
착한 여자 부세미,소희정
착한 여자 부세미,이진희
착한 여자 부세미,장윤주
착한 여자 부세미,전여빈
착한 여자 부세미,주현영
착한 여자 부세미,진영
착한 여자 부세미,황재열
우주메리미,배나라
우주메리미,서범준
우주메리미,신슬기
우주메리미,정소민
우주메리미,최우식
태풍상사,권한솔
태풍상사,김민석
태풍상사,김민하
태풍상사,김상호
태풍상사,김송일
태풍상사,김영옥
태풍상사,김재화
태풍상사,김지영
태풍상사,무진성
태풍상사,박성연
태풍상사,성동일
태풍상사,이상진
태풍상사,이준호
태풍상사,이창훈
태풍상사,장현숙
마리와 별난 아빠들,강신일
마리와 별난 아빠들,공정환
마리와 별난 아빠들,금보라
마리와 별난 아빠들,류진
마리와 별난 아빠들,박은혜
마리와 별난 아빠들,박현정
마리와 별난 아빠들,윤미향
마리와 별난 아빠들,정애리
마리와 별난 아빠들,조향기
마리와 별난 아빠들,하승리
마리와 별난 아빠들,현우
마리와 별난 아빠들,황동주
얄미운 사랑,박해린
얄미운 사랑,서지혜
얄미운 사랑,오연서
얄미운 사랑,이정재
얄미운 사랑,임지연
이 강에는 달이 흐른다,강태오
이 강에는 달이 흐른다,김세정
마지막 썸머,권아름
마지막 썸머,김건우
마지막 썸머,민연홍
마지막 썸머,이재욱
마지막 썸머,정규수
마지막 썸머,정보민
마지막 썸머,최성은
다음 생은 없으니까,김희선
다음 생은 없으니까,문유강
다음 생은 없으니까,윤박
다음 생은 없으니까,진서연
다음 생은 없으니까,한지혜
다음 생은 없으니까,한혜진
모범택시 3,강보승
모범택시 3,김의성
모범택시 3,다케나카 나오토
모범택시 3,배유람
모범택시 3,윤시윤
모범택시 3,이제훈
모범택시 3,장나라
모범택시 3,장혁진
모범택시 3,표예진
어디가요? 인기가요!,차학연
너 없이 못살아,이준
너 없이 못살아,최대철
